"Country Name","Country Code","Indicator Name","Indicator Code","1960","1961","1962","1963","1964","1965","1966","1967","1968","1969","1970","1971","1972","1973","1974","1975","1976","1977","1978","1979","1980","1981","1982","1983","1984","1985","1986","1987","1988","1989","1990","1991","1992","1993","1994","1995","1996","1997","1998","1999","2000","2001","2002","2003","2004","2005","2006","2007","2008","2009","2010","2011","2012","2013","2014","2015","2016","2017",
"Aruba","ABW","GINI index (World Bank estimate)","SI.POV.GINI","","","","","","","","","","","","","","","","","","","","","","","","","","","","","","","","","","","","","","","","","","","","","","","","","","","","","","","","","","",
"Afghanistan","AFG","GINI index (World Bank estimate)","SI.POV.GINI","","","","","","","","","","","","","","","","","","","","","","","","","","","","","","","","","","","","","","","","","","","","","","","","","","","","","","","","","","",
"Angola","AGO","GINI index (World Bank estimate)","SI.POV.GINI","","","","","","","","","","","","","","","","","","","","","","","","","","","","","","","","","","","","","","","","","","","","","","","","","42.7","","","","","","","","","",
"Albania","ALB","GINI index (World Bank estimate)","SI.POV.GINI","","","","","","","","","","","","","","","","","","","","","","","","","","","","","","","","","","","","","27","","","","","","31.7","","","30.6","","","30","","","","29","","","","","",
"Andorra","AND","GINI index (World Bank estimate)","SI.POV.GINI","","","","","","","","","","","","","","","","","","","","","","","","","","","","","","","","","","","","","","","","","","","","","","","","","","","","","","","","","","",
"Arab World","ARB","GINI index (World Bank estimate)","SI.POV.GINI","","","","","","","","","","","","","","","","","","","","","","","","","","","","","","","","","","","","","","","","","","","","","","","","","","","","","","","","","","",
"United Arab Emirates","ARE","GINI index (World Bank estimate)","SI.POV.GINI","","","","","","","","","","","","","","","","","","","","","","","","","","","","","","","","","","","","","","","","","","","","","","","","","","","","","","","","","","",
"Argentina","ARG","GINI index (World Bank estimate)","SI.POV.GINI","","","","","","","","","","","","","","","","","","","","","40.8","","","","","","42.8","45.3","45.6","46.0","46.3","46.8","45.5","44.9","45.9","48.9","49.5","49.1","50.7","49.8","51.1","53.3","53.8","50.7","48.3","47.7","46.6","46.3","44.5","43.9","43","42.3","41.2","41","41.4","","42.4","",
"Armenia","ARM","GINI index (World Bank estimate)","SI.POV.GINI","","","","","","","","","","","","","","","","","","","","","","","","","","","","","","","","","","","","","","","","36.2","","35.4","34.8","33","37.5","36","29.7","31.2","29.2","28","30","29.4","29.6","30.6","31.5","32.4","32.5","",
"American Samoa","ASM","GINI index (World Bank estimate)","SI.POV.GINI","","","","","","","","","","","","","","","","","","","","","","","","","","","","","","","","","","","","","","","","","","","","","","","","","","","","","","","","","","",
"Antigua and Barbuda","ATG","GINI index (World Bank estimate)","SI.POV.GINI","","","","","","","","","","","","","","","","","","","","","","","","","","","","","","","","","","","","","","","","","","","","","","","","","","","","","","","","","","",
"Australia","AUS","GINI index (World Bank estimate)","SI.POV.GINI","","","","","","","","","","","","","","","","","","","","","","31.3","","","","32.5","","","","33.2","","","","","","32.6","","","","","","33.5","","33.5","","","","","35.4","","34.7","","","","","","","",
"Austria","AUT","GINI index (World Bank estimate)","SI.POV.GINI","","","","","","","","","","","","","","","","","","","","","","","","","","","","","","","","","","","","","","","","","","","","29.5","29.8","28.7","29.6","30.6","30.4","31.5","30.3","30.8","30.5","30.8","30.5","30.5","","",
"Azerbaijan","AZE","GINI index (World Bank estimate)","SI.POV.GINI","","","","","","","","","","","","","","","","","","","","","","","","","","","","","","","","","","","","34.7","","","","","","36.5","17.4","18.8","16.2","16.6","","","","","","","","","","","","",
"Burundi","BDI","GINI index (World Bank estimate)","SI.POV.GINI","","","","","","","","","","","","","","","","","","","","","","","","","","","","","","","","","33.3","","","","","","42.3","","","","","","","","33.4","","","","","","","38.6","","","","",
"Belgium","BEL","GINI index (World Bank estimate)","SI.POV.GINI","","","","","","","","","","","","","","","","","","","","","","","","","","","","","","","","","","","","","","","","","","","","28.1","30.5","29.3","28.1","29.2","28.4","28.5","28.4","28.1","27.5","27.7","28.1","27.7","","",
"Benin","BEN","GINI index (World Bank estimate)","SI.POV.GINI","","","","","","","","","","","","","","","","","","","","","","","","","","","","","","","","","","","","","","","","","","","","38.6","","","","","","","","43.4","","","","47.8","","",
"Burkina Faso","BFA","GINI index (World Bank estimate)","SI.POV.GINI","","","","","","","","","","","","","","","","","","","","","","","","","","","","","","","","","","","48.1","","","","49.9","","","","","43.3","","","","","","39.8","","","","","35.3","","","",
"Bangladesh","BGD","GINI index (World Bank estimate)","SI.POV.GINI","","","","","","","","","","","","","","","","","","","","","","","","25.9","","26.9","","","28.8","","","27.6","","","","32.9","","","","","33.4","","","","","33.2","","","","","32.1","","","","","","32.4","",
"Bulgaria","BGR","GINI index (World Bank estimate)","SI.POV.GINI","","","","","","","","","","","","","","","","","","","","","","","","","","","","","","","","","30.7","","","","","","","","","","","","","","35.7","36.1","33.6","33.8","35.7","34.3","36","36.6","37.4","","","",
"Bahrain","BHR","GINI index (World Bank estimate)","SI.POV.GINI","","","","","","","","","","","","","","","","","","","","","","","","","","","","","","","","","","","","","","","","","","","","","","","","","","","","","","","","","","",
"Bahamas, The","BHS","GINI index (World Bank estimate)","SI.POV.GINI","","","","","","","","","","","","","","","","","","","","","","","","","","","","","","","","","","","","","","","","","","","","","","","","","","","","","","","","","","",
"Bosnia and Herzegovina","BIH","GINI index (World Bank estimate)","SI.POV.GINI","","","","","","","","","","","","","","","","","","","","","","","","","","","","","","","","","","","","","","","","","","30","","","34","","","33.1","","","","33","","","","32.7","","",
"Belarus","BLR","GINI index (World Bank estimate)","SI.POV.GINI","","","","","","","","","","","","","","","","","","","","","","","","","","","","","","","","","","","","","","","32","31.7","31.2","30.6","30.3","28.8","26.5","27.6","28.3","29.6","27.8","27.7","28.6","27.2","26.5","26.6","27.2","26.7","27","",
"Belize","BLZ","GINI index (World Bank estimate)","SI.POV.GINI","","","","","","","","","","","","","","","","","","","","","","","","","","","","","","","","","","60.3","60.9","","56.6","60.4","54.9","53.3","","","","","","","","","","","","","","","","","","",
"Bermuda","BMU","GINI index (World Bank estimate)","SI.POV.GINI","","","","","","","","","","","","","","","","","","","","","","","","","","","","","","","","","","","","","","","","","","","","","","","","","","","","","","","","","","",
"Bolivia","BOL","GINI index (World Bank estimate)","SI.POV.GINI","","","","","","","","","","","","","","","","","","","","","","","","","","","","","","","42","","","","","","","58.2","","58.1","61.6","57.4","59.3","","55","58.5","56.7","54.5","50.8","49.2","","46.1","46.6","47.6","47.8","46.7","44.6","",
"Brazil","BRA","GINI index (World Bank estimate)","SI.POV.GINI","","","","","","","","","","","","","","","","","","","","","","58","58.4","59","58.4","55.6","58.5","59.7","61.4","63.3","60.5","","53.2","60.1","","59.6","59.9","59.8","59.6","59","","58.4","58.1","57.6","56.5","56.3","55.6","54.9","54","53.7","","52.9","52.6","52.8","51.5","51.3","","",
"Barbados","BRB","GINI index (World Bank estimate)","SI.POV.GINI","","","","","","","","","","","","","","","","","","","","","","","","","","","","","","","","","","","","","","","","","","","","","","","","","","","","","","","","","","",
"Brunei Darussalam","BRN","GINI index (World Bank estimate)","SI.POV.GINI","","","","","","","","","","","","","","","","","","","","","","","","","","","","","","","","","","","","","","","","","","","","","","","","","","","","","","","","","","",
"Bhutan","BTN","GINI index (World Bank estimate)","SI.POV.GINI","","","","","","","","","","","","","","","","","","","","","","","","","","","","","","","","","","","","","","","","","","","","46.8","","","","38.1","","","","","38.8","","","","","",
"Botswana","BWA","GINI index (World Bank estimate)","SI.POV.GINI","","","","","","","","","","","","","","","","","","","","","","","","","","54.2","","","","","","","","60.8","","","","","","","","","64.7","","","","","","","60.5","","","","","","","","",
"Central African Republic","CAF","GINI index (World Bank estimate)","SI.POV.GINI","","","","","","","","","","","","","","","","","","","","","","","","","","","","","","","","","61.3","","","","","","","","","","","43.6","","","","","56.2","","","","","","","","","",
"Canada","CAN","GINI index (World Bank estimate)","SI.POV.GINI","","","","","","","","","","","","","","","","","","","","","","32.4","","","","","","31.5","","","","31","","","31.3","","","31.6","33.2","","33.3","","","","33.7","","","33.8","","","33.6","","","34","","","","",
"Central Europe and the Baltics","CEB","GINI index (World Bank estimate)","SI.POV.GINI","","","","","","","","","","","","","","","","","","","","","","","","","","","","","","","","","","","","","","","","","","","","","","","","","","","","","","","","","","",
"Switzerland","CHE","GINI index (World Bank estimate)","SI.POV.GINI","","","","","","","","","","","","","","","","","","","","","","","","","","","","","","","","","","","","","","","","","","","","","","","33.9","34.3","33.8","32.9","32.6","31.7","31.6","32.5","32.5","","","",
"Channel Islands","CHI","GINI index (World Bank estimate)","SI.POV.GINI","","","","","","","","","","","","","","","","","","","","","","","","","","","","","","","","","","","","","","","","","","","","","","","","","","","","","","","","","","",
"Chile","CHL","GINI index (World Bank estimate)","SI.POV.GINI","","","","","","","","","","","","","","","","","","","","","","","","","","","","56.2","","","57.2","","54.8","","56.4","","54.9","","55.5","","52.8","","","51.5","","","48.2","","","49","","47.6","","47.3","","47.7","","",
"China","CHN","GINI index (World Bank estimate)","SI.POV.GINI","","","","","","","","","","","","","","","","","","","","","","","","","","","","","","","","","","","","","","","","","","","","","","","","","42.8","","","","42.2","","","","","",
"Cote d'Ivoire","CIV","GINI index (World Bank estimate)","SI.POV.GINI","","","","","","","","","","","","","","","","","","","","","","","","","","45.5","38","40.5","36.9","","","","39.4","","","40.6","","","39","","","","41.3","","","","","","43.2","","","","","","","41.5","","",
"Cameroon","CMR","GINI index (World Bank estimate)","SI.POV.GINI","","","","","","","","","","","","","","","","","","","","","","","","","","","","","","","","","","","","","44.4","","","","","42.1","","","","","","42.8","","","","","","","46.6","","","",
"Congo, Dem. Rep.","COD","GINI index (World Bank estimate)","SI.POV.GINI","","","","","","","","","","","","","","","","","","","","","","","","","","","","","","","","","","","","","","","","","","","","","42.2","","","","","","","","42.1","","","","","",
"Congo, Rep.","COG","GINI index (World Bank estimate)","SI.POV.GINI","","","","","","","","","","","","","","","","","","","","","","","","","","","","","","","","","","","","","","","","","","","","","","47.3","","","","","","48.9","","","","","","",
"Colombia","COL","GINI index (World Bank estimate)","SI.POV.GINI","","","","","","","","","","","","","","","","","","","","","","","","","","","","","","","","","51.5","","","","56.9","","","58.7","58.7","57.2","55.8","53.4","54.8","53.7","","","55.4","54.5","54.8","53.6","52.9","52.9","52.8","51.1","50.8","",
"Comoros","COM","GINI index (World Bank estimate)","SI.POV.GINI","","","","","","","","","","","","","","","","","","","","","","","","","","","","","","","","","","","","","","","","","","","","","55.9","","","","","","","","","45.3","","","","",
"Cabo Verde","CPV","GINI index (World Bank estimate)","SI.POV.GINI","","","","","","","","","","","","","","","","","","","","","","","","","","","","","","","","","","","","","","","","","","52.5","","","","","","47.2","","","","","","","","","","",
"Costa Rica","CRI","GINI index (World Bank estimate)","SI.POV.GINI","","","","","","","","","","","","","","","","","","","","","","47.5","","","","","34.4","","","46.7","45.3","46.6","45.7","46","46.8","45.7","46.5","45.6","45.7","47.7","47.4","51.6","51.9","49.3","48.3","47.5","49.4","49.3","48.7","50.6","48.2","48.7","48.6","49.3","48.6","48.4","48.7","",
"Caribbean small states","CSS","GINI index (World Bank estimate)","SI.POV.GINI","","","","","","","","","","","","","","","","","","","","","","","","","","","","","","","","","","","","","","","","","","","","","","","","","","","","","","","","","","",
"Cuba","CUB","GINI index (World Bank estimate)","SI.POV.GINI","","","","","","","","","","","","","","","","","","","","","","","","","","","","","","","","","","","","","","","","","","","","","","","","","","","","","","","","","","",
"Curacao","CUW","GINI index (World Bank estimate)","SI.POV.GINI","","","","","","","","","","","","","","","","","","","","","","","","","","","","","","","","","","","","","","","","","","","","","","","","","","","","","","","","","","",
"Cayman Islands","CYM","GINI index (World Bank estimate)","SI.POV.GINI","","","","","","","","","","","","","","","","","","","","","","","","","","","","","","","","","","","","","","","","","","","","","","","","","","","","","","","","","","",
"Cyprus","CYP","GINI index (World Bank estimate)","SI.POV.GINI","","","","","","","","","","","","","","","","","","","","","","","","","","","","","","","","","","","","","","","","","","","","","30.1","30.3","31.1","31.1","31.7","32.1","31.5","32.6","34.3","37","35.6","34","","",
"Czech Republic","CZE","GINI index (World Bank estimate)","SI.POV.GINI","","","","","","","","","","","","","","","","","","","","","","","","","","","","","","","","","","26.6","","","25.8","","","","","","","","27.5","26.9","26.7","26","26.3","26.2","26.6","26.4","26.1","26.5","25.9","25.9","","",
"Germany","DEU","GINI index (World Bank estimate)","SI.POV.GINI","","","","","","","","","","","","","","","","","","","","","","","","","","","","","","","","29.2","","","29.2","","","","","","28.8","30.3","","","30.4","","31.3","31.3","","","30.2","30.5","","31.1","","31.7","","",
"Djibouti","DJI","GINI index (World Bank estimate)","SI.POV.GINI","","","","","","","","","","","","","","","","","","","","","","","","","","","","","","","","","","","","","","","","","","","40","","","","","","","","","","45.1","44.1","","","","",
"Dominica","DMA","GINI index (World Bank estimate)","SI.POV.GINI","","","","","","","","","","","","","","","","","","","","","","","","","","","","","","","","","","","","","","","","","","","","","","","","","","","","","","","","","","",
"Denmark","DNK","GINI index (World Bank estimate)","SI.POV.GINI","","","","","","","","","","","","","","","","","","","","","","","","","","","","","","","","","","","","","","","","","","","","25.6","24.9","25.2","25.9","26.2","25.2","26.7","27.2","27.3","27.8","28.5","28.4","28.2","","",
"Dominican Republic","DOM","GINI index (World Bank estimate)","SI.POV.GINI","","","","","","","","","","","","","","","","","","","","","","","","","","","47.8","","","50.5","","","51.4","","","","47.4","48.9","","","52","50.4","50","52","52","49.9","51.8","48.6","47.8","48.5","46.9","47.4","45.6","47","44.1","44.7","45.3","",
"Algeria","DZA","GINI index (World Bank estimate)","SI.POV.GINI","","","","","","","","","","","","","","","","","","","","","","","","","","","","","40.2","","","","","","","35.3","","","","","","","","","","","","","","","","27.6","","","","","","",
"East Asia & Pacific (excluding high income)","EAP","GINI index (World Bank estimate)","SI.POV.GINI","","","","","","","","","","","","","","","","","","","","","","","","","","","","","","","","","","","","","","","","","","","","","","","","","","","","","","","","","","",
"Early-demographic dividend","EAR","GINI index (World Bank estimate)","SI.POV.GINI","","","","","","","","","","","","","","","","","","","","","","","","","","","","","","","","","","","","","","","","","","","","","","","","","","","","","","","","","","",
"East Asia & Pacific","EAS","GINI index (World Bank estimate)","SI.POV.GINI","","","","","","","","","","","","","","","","","","","","","","","","","","","","","","","","","","","","","","","","","","","","","","","","","","","","","","","","","","",
"Europe & Central Asia (excluding high income)","ECA","GINI index (World Bank estimate)","SI.POV.GINI","","","","","","","","","","","","","","","","","","","","","","","","","","","","","","","","","","","","","","","","","","","","","","","","","","","","","","","","","","",
"Europe & Central Asia","ECS","GINI index (World Bank estimate)","SI.POV.GINI","","","","","","","","","","","","","","","","","","","","","","","","","","","","","","","","","","","","","","","","","","","","","","","","","","","","","","","","","","",
"Ecuador","ECU","GINI index (World Bank estimate)","SI.POV.GINI","","","","","","","","","","","","","","","","","","","","","","","","","","","","50.5","","","","","","","53.4","","","","49.7","58.6","56.4","","","53.4","53.9","53.1","52.2","53.3","49.7","48.4","48.7","45.9","46.1","46.9","45","46","45","",
"Egypt, Arab Rep.","EGY","GINI index (World Bank estimate)","SI.POV.GINI","","","","","","","","","","","","","","","","","","","","","","","","","","","","","","","32","","","","","30.1","","","","32.8","","","","","31.8","","","","31.1","","31.5","","29.8","","","31.8","","",
"Euro area","EMU","GINI index (World Bank estimate)","SI.POV.GINI","","","","","","","","","","","","","","","","","","","","","","","","","","","","","","","","","","","","","","","","","","","","","","","","","","","","","","","","","","",
"Eritrea","ERI","GINI index (World Bank estimate)","SI.POV.GINI","","","","","","","","","","","","","","","","","","","","","","","","","","","","","","","","","","","","","","","","","","","","","","","","","","","","","","","","","","",
"Spain","ESP","GINI index (World Bank estimate)","SI.POV.GINI","","","","","","","","","","","","","","","","","","","","","","","","","","","","","","","","","","","","","","","","","","","","31.8","33.3","32.4","33.5","34.1","34.2","34.9","35.2","35.7","35.4","36.2","36.1","36.2","","",
"Estonia","EST","GINI index (World Bank estimate)","SI.POV.GINI","","","","","","","","","","","","","","","","","","","","","","","","","","","","","","","","","","39.5","","","","","","","","","","37.2","33.6","33.4","33.7","31.2","31.9","31.4","32","32.5","32.9","35.1","34.6","32.7","","",
"Ethiopia","ETH","GINI index (World Bank estimate)","SI.POV.GINI","","","","","","","","","","","","","","","","","","","","","","","","","","","","","","","","","","","","44.6","","","","30","","","","","29.8","","","","","","33.2","","","","","39.1","","",
"European Union","EUU","GINI index (World Bank estimate)","SI.POV.GINI","","","","","","","","","","","","","","","","","","","","","","","","","","","","","","","","","","","","","","","","","","","","","","","","","","","","","","","","","","",
"Fragile and conflict affected situations","FCS","GINI index (World Bank estimate)","SI.POV.GINI","","","","","","","","","","","","","","","","","","","","","","","","","","","","","","","","","","","","","","","","","","","","","","","","","","","","","","","","","","",
"Finland","FIN","GINI index (World Bank estimate)","SI.POV.GINI","","","","","","","","","","","","","","","","","","","","","","","","","","","","","","","","","","","","","","","","","","","","27.7","27.9","27.6","28","28.3","27.8","27.5","27.7","27.6","27.1","27.2","26.8","27.1","","",
"Fiji","FJI","GINI index (World Bank estimate)","SI.POV.GINI","","","","","","","","","","","","","","","","","","","","","","","","","","","","","","","","","","","","","","","","","","","38.1","","","","","","40.4","","","","","36.4","","","","",
"France","FRA","GINI index (World Bank estimate)","SI.POV.GINI","","","","","","","","","","","","","","","","","","","","","","","","","","","","","","","","","","","","","","","","","","","","31.4","30.6","29.8","29.7","32.4","33","32.7","33.7","33.3","33.1","32.5","32.3","32.7","","",
"Faroe Islands","FRO","GINI index (World Bank estimate)","SI.POV.GINI","","","","","","","","","","","","","","","","","","","","","","","","","","","","","","","","","","","","","","","","","","","","","","","","","","","","","","","","","","",
"Micronesia, Fed. Sts.","FSM","GINI index (World Bank estimate)","SI.POV.GINI","","","","","","","","","","","","","","","","","","","","","","","","","","","","","","","","","","","","","","","","","","","","","","42.4","","","","","","","","40.1","","","","",
"Gabon","GAB","GINI index (World Bank estimate)","SI.POV.GINI","","","","","","","","","","","","","","","","","","","","","","","","","","","","","","","","","","","","","","","","","","","","","","42.2","","","","","","","","","","","","",
"United Kingdom","GBR","GINI index (World Bank estimate)","SI.POV.GINI","","","","","","","","","","","","","","","","","","","","","","","","","","","","","","","","","","","","","","","","","","","","","36","34.3","34.6","35.7","34.1","34.3","34.4","33.2","32.3","33.2","34","33.2","","",
"Georgia","GEO","GINI index (World Bank estimate)","SI.POV.GINI","","","","","","","","","","","","","","","","","","","","","","","","","","","","","","","","","","","","","37.1","40.7","41.3","40.1","40.5","39.6","37.3","36.7","36.3","37.3","36.9","38.3","38.2","38.1","40.1","39.5","38.8","38.4","37.3","36.4","36.5","",
"Ghana","GHA","GINI index (World Bank estimate)","SI.POV.GINI","","","","","","","","","","","","","","","","","","","","","","","","","","","","35.3","36","","","38.4","","","","","","","40.1","","","","","","","42.8","","","","","","","42.4","","","","","",
"Gibraltar","GIB","GINI index (World Bank estimate)","SI.POV.GINI","","","","","","","","","","","","","","","","","","","","","","","","","","","","","","","","","","","","","","","","","","","","","","","","","","","","","","","","","","",
"Guinea","GIN","GINI index (World Bank estimate)","SI.POV.GINI","","","","","","","","","","","","","","","","","","","","","","","","","","","","","","","","46.8","","","46.1","","","","","","","","43","","","","","39.4","","","","","33.7","","","","","",
"Gambia, The","GMB","GINI index (World Bank estimate)","SI.POV.GINI","","","","","","","","","","","","","","","","","","","","","","","","","","","","","","","","","","","","","","","48.5","","","","","47.3","","","","","","","43.6","","","","","35.9","","",
"Guinea-Bissau","GNB","GINI index (World Bank estimate)","SI.POV.GINI","","","","","","","","","","","","","","","","","","","","","","","","","","","","","","","","","","43.6","","","","","","","","","35.6","","","","","","","","50.7","","","","","","","",
"Equatorial Guinea","GNQ","GINI index (World Bank estimate)","SI.POV.GINI","","","","","","","","","","","","","","","","","","","","","","","","","","","","","","","","","","","","","","","","","","","","","","","","","","","","","","","","","","",
"Greece","GRC","GINI index (World Bank estimate)","SI.POV.GINI","","","","","","","","","","","","","","","","","","","","","","","","","","","","","","","","","","","","","","","","","","","","32.8","33.6","34.6","35.1","34","33.6","33.6","34.1","34.8","36.2","36.1","35.8","36","","",
"Grenada","GRD","GINI index (World Bank estimate)","SI.POV.GINI","","","","","","","","","","","","","","","","","","","","","","","","","","","","","","","","","","","","","","","","","","","","","","","","","","","","","","","","","","",
"Greenland","GRL","GINI index (World Bank estimate)","SI.POV.GINI","","","","","","","","","","","","","","","","","","","","","","","","","","","","","","","","","","","","","","","","","","","","","","","","","","","","","","","","","","",
"Guatemala","GTM","GINI index (World Bank estimate)","SI.POV.GINI","","","","","","","","","","","","","","","","","","","","","","","","","","","58.3","","","59.6","","","","","","","","","","","54.2","","","","","","54.6","","","","","","","","48.3","","","",
"Guam","GUM","GINI index (World Bank estimate)","SI.POV.GINI","","","","","","","","","","","","","","","","","","","","","","","","","","","","","","","","","","","","","","","","","","","","","","","","","","","","","","","","","","",
"Guyana","GUY","GINI index (World Bank estimate)","SI.POV.GINI","","","","","","","","","","","","","","","","","","","","","","","","","","","","","","","","","","","","","","","44.6","","","","","","","","","","","","","","","","","","","",
"High income","HIC","GINI index (World Bank estimate)","SI.POV.GINI","","","","","","","","","","","","","","","","","","","","","","","","","","","","","","","","","","","","","","","","","","","","","","","","","","","","","","","","","","",
"Hong Kong SAR, China","HKG","GINI index (World Bank estimate)","SI.POV.GINI","","","","","","","","","","","","","","","","","","","","","","","","","","","","","","","","","","","","","","","","","","","","","","","","","","","","","","","","","","",
"Honduras","HND","GINI index (World Bank estimate)","SI.POV.GINI","","","","","","","","","","","","","","","","","","","","","","","","","","","","","","59.5","57.4","51.9","51.8","53.5","55","55.5","55.7","52.7","57.4","55.4","","55.2","55.7","58.1","58.1","59.5","57.5","55.8","55.5","51.3","53.1","56.2","56.1","52.6","50.4","49.6","50","",
"Heavily indebted poor countries (HIPC)","HPC","GINI index (World Bank estimate)","SI.POV.GINI","","","","","","","","","","","","","","","","","","","","","","","","","","","","","","","","","","","","","","","","","","","","","","","","","","","","","","","","","","",
"Croatia","HRV","GINI index (World Bank estimate)","SI.POV.GINI","","","","","","","","","","","","","","","","","","","","","","","","","","","","","22.8","","","","","","","","","","","","","","","","","","","","","32.6","32.4","32.3","32.5","32","32.1","30.8","","",
"Haiti","HTI","GINI index (World Bank estimate)","SI.POV.GINI","","","","","","","","","","","","","","","","","","","","","","","","","","","","","","","","","","","","","","","","","","","","","","","","","","","","","41.1","","","","","",
"Hungary","HUN","GINI index (World Bank estimate)","SI.POV.GINI","","","","","","","","","","","","","","","","","","","","","","","","","","","","21","","25","","","","27.9","","","","","","","","","","","29.9","34.7","28.3","27.9","27.5","27","29.4","29.2","30.8","31.5","30.9","30.4","","",
"IBRD only","IBD","GINI index (World Bank estimate)","SI.POV.GINI","","","","","","","","","","","","","","","","","","","","","","","","","","","","","","","","","","","","","","","","","","","","","","","","","","","","","","","","","","",
"IDA & IBRD total","IBT","GINI index (World Bank estimate)","SI.POV.GINI","","","","","","","","","","","","","","","","","","","","","","","","","","","","","","","","","","","","","","","","","","","","","","","","","","","","","","","","","","",
"IDA total","IDA","GINI index (World Bank estimate)","SI.POV.GINI","","","","","","","","","","","","","","","","","","","","","","","","","","","","","","","","","","","","","","","","","","","","","","","","","","","","","","","","","","",
"IDA blend","IDB","GINI index (World Bank estimate)","SI.POV.GINI","","","","","","","","","","","","","","","","","","","","","","","","","","","","","","","","","","","","","","","","","","","","","","","","","","","","","","","","","","",
"Indonesia","IDN","GINI index (World Bank estimate)","SI.POV.GINI","","","","","","","","","","","","","","","","","","","","","","","","","","","","","","","","","","","","","","","","","","","","","","","","","","","","","","39.5","","","","",
"IDA only","IDX","GINI index (World Bank estimate)","SI.POV.GINI","","","","","","","","","","","","","","","","","","","","","","","","","","","","","","","","","","","","","","","","","","","","","","","","","","","","","","","","","","",
"Isle of Man","IMN","GINI index (World Bank estimate)","SI.POV.GINI","","","","","","","","","","","","","","","","","","","","","","","","","","","","","","","","","","","","","","","","","","","","","","","","","","","","","","","","","","",
"India","IND","GINI index (World Bank estimate)","SI.POV.GINI","","","","","","","","","","","","","","","","","","","","","","","","","","","","","","","","","","","","","","","","","","","","","","","","","","","","35.1","","","","","","",
"Not classified","INX","GINI index (World Bank estimate)","SI.POV.GINI","","","","","","","","","","","","","","","","","","","","","","","","","","","","","","","","","","","","","","","","","","","","","","","","","","","","","","","","","","",
"Ireland","IRL","GINI index (World Bank estimate)","SI.POV.GINI","","","","","","","","","","","","","","","","","","","","","","","","","","","","","","","","","","","","","","","","","","","","32.9","33.6","33.7","32.7","31.9","30.9","32.7","32.3","32.9","33.2","33.5","31.9","","","",
"Iran, Islamic Rep.","IRN","GINI index (World Bank estimate)","SI.POV.GINI","","","","","","","","","","","","","","","","","","","","","","","","","","","47.4","","","","43.6","","","","43","","","","44.1","","","","","","","43.6","44.8","","","42.1","","","","37.4","38.8","","","",
"Iraq","IRQ","GINI index (World Bank estimate)","SI.POV.GINI","","","","","","","","","","","","","","","","","","","","","","","","","","","","","","","","","","","","","","","","","","","","","","","28.6","","","","","","29.5","","","","","",
"Iceland","ISL","GINI index (World Bank estimate)","SI.POV.GINI","","","","","","","","","","","","","","","","","","","","","","","","","","","","","","","","","","","","","","","","","","","","26.8","28","29","30.2","29.5","31.8","28.7","26.2","26.8","26.8","25.4","25.6","","","",
"Israel","ISR","GINI index (World Bank estimate)","SI.POV.GINI","","","","","","","","","","","","","","","","","","","","36.3","","","","","","","36.5","","","","","","35.5","","","","","38.1","","","","38.9","","","","41.7","","41","","","42.5","","41.4","","","","","",
"Italy","ITA","GINI index (World Bank estimate)","SI.POV.GINI","","","","","","","","","","","","","","","","","","","","","","","","","","","","","","","","","","","","","","","","","","","","34.9","34.3","33.8","33.7","32.9","33.8","33.8","34.7","35.1","35.2","34.9","34.7","","","",
"Jamaica","JAM","GINI index (World Bank estimate)","SI.POV.GINI","","","","","","","","","","","","","","","","","","","","","","","","","","","","","43.2","","41.1","","","35.7","","","40.4","","","44.1","","","48.3","","45.5","","","","","","","","","","","","","",
"Jordan","JOR","GINI index (World Bank estimate)","SI.POV.GINI","","","","","","","","","","","","","","","","","","","","","","","","","","","36.1","","","","","","43.4","","","","","36.4","","","","","37","","","","33.9","","32.6","","33.7","","","","","","","",
"Japan","JPN","GINI index (World Bank estimate)","SI.POV.GINI","","","","","","","","","","","","","","","","","","","","","","","","","","","","","","","","","","","","","","","","","","","","","","","","","32.1","","","","","","","","","",
"Kazakhstan","KAZ","GINI index (World Bank estimate)","SI.POV.GINI","","","","","","","","","","","","","","","","","","","","","","","","","","","","","","","","","","","","","35.4","","","","","36","34.9","33.8","32","39.9","30.3","30.1","28.5","28.2","28","28","28.1","27.1","27","26.9","","",
"Kenya","KEN","GINI index (World Bank estimate)","SI.POV.GINI","","","","","","","","","","","","","","","","","","","","","","","","","","","","","","","","","57.5","","43.9","","","46.3","","","","","","","","48.5","","","","","","","","","","","","",
"Kyrgyz Republic","KGZ","GINI index (World Bank estimate)","SI.POV.GINI","","","","","","","","","","","","","","","","","","","","","","","","","","","","","","","","","","","","","","","46.4","","31","30.2","30.3","28.7","34.8","32.6","37.4","33.9","31.5","29.9","30.1","27.8","27.4","28.8","26.8","29","26.8","",
"Cambodia","KHM","GINI index (World Bank estimate)","SI.POV.GINI","","","","","","","","","","","","","","","","","","","","","","","","","","","","","","","","","","","","","","","","","","","","","","","","","","","","","","","","","","",
"Kiribati","KIR","GINI index (World Bank estimate)","SI.POV.GINI","","","","","","","","","","","","","","","","","","","","","","","","","","","","","","","","","","","","","","","","","","","","","","","37","","","","","","","","","","","",
"St. Kitts and Nevis","KNA","GINI index (World Bank estimate)","SI.POV.GINI","","","","","","","","","","","","","","","","","","","","","","","","","","","","","","","","","","","","","","","","","","","","","","","","","","","","","","","","","","",
"Korea, Rep.","KOR","GINI index (World Bank estimate)","SI.POV.GINI","","","","","","","","","","","","","","","","","","","","","","","","","","","","","","","","","","","","","","","","","","","","","","","31.7","","32.3","","32","","31.6","","","","","",
"Kuwait","KWT","GINI index (World Bank estimate)","SI.POV.GINI","","","","","","","","","","","","","","","","","","","","","","","","","","","","","","","","","","","","","","","","","","","","","","","","","","","","","","","","","","",
"Latin America & Caribbean (excluding high income)","LAC","GINI index (World Bank estimate)","SI.POV.GINI","","","","","","","","","","","","","","","","","","","","","","","","","","","","","","","","","","","","","","","","","","","","","","","","","","","","","","","","","","",
"Lao PDR","LAO","GINI index (World Bank estimate)","SI.POV.GINI","","","","","","","","","","","","","","","","","","","","","","","","","","","","","","","","","34.3","","","","","34.9","","","","","32.6","","","","","35.4","","","","","36.4","","","","","",
"Lebanon","LBN","GINI index (World Bank estimate)","SI.POV.GINI","","","","","","","","","","","","","","","","","","","","","","","","","","","","","","","","","","","","","","","","","","","","","","","","","","","","31.8","","","","","","",
"Liberia","LBR","GINI index (World Bank estimate)","SI.POV.GINI","","","","","","","","","","","","","","","","","","","","","","","","","","","","","","","","","","","","","","","","","","","","","","","","36.5","","","","","","","33.2","","","",
"Libya","LBY","GINI index (World Bank estimate)","SI.POV.GINI","","","","","","","","","","","","","","","","","","","","","","","","","","","","","","","","","","","","","","","","","","","","","","","","","","","","","","","","","","",
"St. Lucia","LCA","GINI index (World Bank estimate)","SI.POV.GINI","","","","","","","","","","","","","","","","","","","","","","","","","","","","","","","","","","","","42.6","","","","","","","","","","","","","","","","","","","","","","",
"Latin America & Caribbean","LCN","GINI index (World Bank estimate)","SI.POV.GINI","","","","","","","","","","","","","","","","","","","","","","","","","","","","","","","","","","","","","","","","","","","","","","","","","","","","","","","","","","",
"Least developed countries: UN classification","LDC","GINI index (World Bank estimate)","SI.POV.GINI","","","","","","","","","","","","","","","","","","","","","","","","","","","","","","","","","","","","","","","","","","","","","","","","","","","","","","","","","","",
"Low income","LIC","GINI index (World Bank estimate)","SI.POV.GINI","","","","","","","","","","","","","","","","","","","","","","","","","","","","","","","","","","","","","","","","","","","","","","","","","","","","","","","","","","",
"Liechtenstein","LIE","GINI index (World Bank estimate)","SI.POV.GINI","","","","","","","","","","","","","","","","","","","","","","","","","","","","","","","","","","","","","","","","","","","","","","","","","","","","","","","","","","",
"Sri Lanka","LKA","GINI index (World Bank estimate)","SI.POV.GINI","","","","","","","","","","","","","","","","","","","","","","","","","","32.5","","","","","32.4","","","","","35.4","","","","","","","41","","","","40.3","","","36.4","","","39.2","","","","39.8","",
"Lower middle income","LMC","GINI index (World Bank estimate)","SI.POV.GINI","","","","","","","","","","","","","","","","","","","","","","","","","","","","","","","","","","","","","","","","","","","","","","","","","","","","","","","","","","",
"Low & middle income","LMY","GINI index (World Bank estimate)","SI.POV.GINI","","","","","","","","","","","","","","","","","","","","","","","","","","","","","","","","","","","","","","","","","","","","","","","","","","","","","","","","","","",
"Lesotho","LSO","GINI index (World Bank estimate)","SI.POV.GINI","","","","","","","","","","","","","","","","","","","","","","","","","","","56","","","","","","","","63.2","","","","","","","","51.6","","","","","","","","54.2","","","","","","","",
"Late-demographic dividend","LTE","GINI index (World Bank estimate)","SI.POV.GINI","","","","","","","","","","","","","","","","","","","","","","","","","","","","","","","","","","","","","","","","","","","","","","","","","","","","","","","","","","",
"Lithuania","LTU","GINI index (World Bank estimate)","SI.POV.GINI","","","","","","","","","","","","","","","","","","","","","","","","","","","","","","","","","","33.6","","","","","","","","","","","37","35.3","34.4","34.8","35.7","37.2","33.6","32.5","35.1","35.3","37.7","37.4","","",
"Luxembourg","LUX","GINI index (World Bank estimate)","SI.POV.GINI","","","","","","","","","","","","","","","","","","","","","","","","","","","","","","","","","","","","","","","","","","","","30.2","30.2","30.8","30.9","31.1","32.6","31.2","30.5","32.1","34.3","32","31.2","","","",
"Latvia","LVA","GINI index (World Bank estimate)","SI.POV.GINI","","","","","","","","","","","","","","","","","","","","","","","","","","","","","","","","","","27","","31","31.6","","","","","","","","36.4","39","35.6","37.5","37.2","35.9","35","35.8","35.2","35.5","35.1","34.2","","",
"Macao SAR, China","MAC","GINI index (World Bank estimate)","SI.POV.GINI","","","","","","","","","","","","","","","","","","","","","","","","","","","","","","","","","","","","","","","","","","","","","","","","","","","","","","","","","","",
"St. Martin (French part)","MAF","GINI index (World Bank estimate)","SI.POV.GINI","","","","","","","","","","","","","","","","","","","","","","","","","","","","","","","","","","","","","","","","","","","","","","","","","","","","","","","","","","",
"Morocco","MAR","GINI index (World Bank estimate)","SI.POV.GINI","","","","","","","","","","","","","","","","","","","","","","","","","39.2","","","","","","39.2","","","","","","","","39.5","","40.6","","","","","","40.7","","","","","","","","","","","",
"Monaco","MCO","GINI index (World Bank estimate)","SI.POV.GINI","","","","","","","","","","","","","","","","","","","","","","","","","","","","","","","","","","","","","","","","","","","","","","","","","","","","","","","","","","",
"Moldova","MDA","GINI index (World Bank estimate)","SI.POV.GINI","","","","","","","","","","","","","","","","","","","","","","","","","","","","","","","","","","","","","","36.9","39.5","42.6","36.4","38","35.8","34.9","35","36.3","35.4","34.4","34.7","32.9","32.1","30.6","29.2","28.5","26.8","27","26.3","",
"Madagascar","MDG","GINI index (World Bank estimate)","SI.POV.GINI","","","","","","","","","","","","","","","","","","","","","46.8","","","","","","","","","","","","","45.3","","","","39.5","","38.6","","47.4","","","","39.9","","","","","42.4","","42.6","","","","","",
"Maldives","MDV","GINI index (World Bank estimate)","SI.POV.GINI","","","","","","","","","","","","","","","","","","","","","","","","","","","","","","","","","","","","","","","","","","","41.3","","","","","","","38.4","","","","","","","","",
"Middle East & North Africa","MEA","GINI index (World Bank estimate)","SI.POV.GINI","","","","","","","","","","","","","","","","","","","","","","","","","","","","","","","","","","","","","","","","","","","","","","","","","","","","","","","","","","",
"Mexico","MEX","GINI index (World Bank estimate)","SI.POV.GINI","","","","","","","","","","","","","","","","","","","","","","","","","48.9","","","","","","","","49.6","","50.3","","48.2","","48.7","","51.4","","49","","48.3","48.9","47.7","","44.6","","45.3","","45.4","","45.8","","43.4","",
"Marshall Islands","MHL","GINI index (World Bank estimate)","SI.POV.GINI","","","","","","","","","","","","","","","","","","","","","","","","","","","","","","","","","","","","","","","","","","","","","","","","","","","","","","","","","","",
"Middle income","MIC","GINI index (World Bank estimate)","SI.POV.GINI","","","","","","","","","","","","","","","","","","","","","","","","","","","","","","","","","","","","","","","","","","","","","","","","","","","","","","","","","","",
"Macedonia, FYR","MKD","GINI index (World Bank estimate)","SI.POV.GINI","","","","","","","","","","","","","","","","","","","","","","","","","","","","","","","","","","","","","","","","","","","","","","","","","","","40.2","40.1","38.5","36.9","35.6","","","",
"Mali","MLI","GINI index (World Bank estimate)","SI.POV.GINI","","","","","","","","","","","","","","","","","","","","","","","","","","","","","","","","","","","50.4","","","","","","","39.9","","","","","38.9","","","33","","","","","","","","",
"Malta","MLT","GINI index (World Bank estimate)","SI.POV.GINI","","","","","","","","","","","","","","","","","","","","","","","","","","","","","","","","","","","","","","","","","","","","","","","28","29.2","29","30.2","29","29.1","29.4","28.8","29","","","",
"Myanmar","MMR","GINI index (World Bank estimate)","SI.POV.GINI","","","","","","","","","","","","","","","","","","","","","","","","","","","","","","","","","","","","","","","","","","","","","","","","","","","","","","","","38.1","","",
"Middle East & North Africa (excluding high income)","MNA","GINI index (World Bank estimate)","SI.POV.GINI","","","","","","","","","","","","","","","","","","","","","","","","","","","","","","","","","","","","","","","","","","","","","","","","","","","","","","","","","","",
"Montenegro","MNE","GINI index (World Bank estimate)","SI.POV.GINI","","","","","","","","","","","","","","","","","","","","","","","","","","","","","","","","","","","","","","","","","","","","","","30.2","30","31.4","30.5","31","28.9","30.8","32.3","32.4","31.9","","","",
"Mongolia","MNG","GINI index (World Bank estimate)","SI.POV.GINI","","","","","","","","","","","","","","","","","","","","","","","","","","","","","","","","","","","","33.2","","","30.3","","","","32.9","","","","","35.8","","","33.1","33.9","33.8","","32","","32.3","",
"Northern Mariana Islands","MNP","GINI index (World Bank estimate)","SI.POV.GINI","","","","","","","","","","","","","","","","","","","","","","","","","","","","","","","","","","","","","","","","","","","","","","","","","","","","","","","","","","",
"Mozambique","MOZ","GINI index (World Bank estimate)","SI.POV.GINI","","","","","","","","","","","","","","","","","","","","","","","","","","","","","","","","","","","","","53.6","","","","","","47","","","","","","45.6","","","","","","54","","","",
"Mauritania","MRT","GINI index (World Bank estimate)","SI.POV.GINI","","","","","","","","","","","","","","","","","","","","","","","","","","","","43.9","","","","","","50.1","","37.7","","","","","39","","","","40.2","","","","35.7","","","","","","32.6","","","",
"Mauritius","MUS","GINI index (World Bank estimate)","SI.POV.GINI","","","","","","","","","","","","","","","","","","","","","","","","","","","","","","","","","","","","","","","","","","","","","","","35.7","","","","","","35.8","","","","","",
"Malawi","MWI","GINI index (World Bank estimate)","SI.POV.GINI","","","","","","","","","","","","","","","","","","","","","","","","","","","","","","","","","","","","","","65.8","","","","","","","39.9","","","","","","45.5","","","","","","","",
"Malaysia","MYS","GINI index (World Bank estimate)","SI.POV.GINI","","","","","","","","","","","","","","","","","","","","","","","","","48.6","","","47","","46.2","","","47.7","","","48.5","","49.1","","","","","","","46.1","","","46.1","","46.3","","","","","","","","",
"North America","NAC","GINI index (World Bank estimate)","SI.POV.GINI","","","","","","","","","","","","","","","","","","","","","","","","","","","","","","","","","","","","","","","","","","","","","","","","","","","","","","","","","","",
"Namibia","NAM","GINI index (World Bank estimate)","SI.POV.GINI","","","","","","","","","","","","","","","","","","","","","","","","","","","","","","","","","","","","","","","","","","","","63.3","","","","","","61","","","","","","","","",
"New Caledonia","NCL","GINI index (World Bank estimate)","SI.POV.GINI","","","","","","","","","","","","","","","","","","","","","","","","","","","","","","","","","","","","","","","","","","","","","","","","","","","","","","","","","","",
"Niger","NER","GINI index (World Bank estimate)","SI.POV.GINI","","","","","","","","","","","","","","","","","","","","","","","","","","","","","","","","","36.1","","41.5","","","","","","","","","","","44.4","","37.3","","","","31.5","","","34.3","","","",
"Nigeria","NGA","GINI index (World Bank estimate)","SI.POV.GINI","","","","","","","","","","","","","","","","","","","","","","","","","","38.7","","","","","","","45","","","","51.9","","","","","","","40.1","","","","","","43","","","","","","","","",
"Nicaragua","NIC","GINI index (World Bank estimate)","SI.POV.GINI","","","","","","","","","","","","","","","","","","","","","","","","","","","","","","","","","","57.4","","","","","54.4","","","52.9","","","","48.8","","","","43.9","","","","","46.2","","","",
"Netherlands","NLD","GINI index (World Bank estimate)","SI.POV.GINI","","","","","","","","","","","","","","","","","","","","","","","","","","","","","","","","","","","","","","","","","","","","","29.8","29","30","29.6","29.3","27.9","27.8","27.7","27.6","28.1","28.6","29.3","","",
"Norway","NOR","GINI index (World Bank estimate)","SI.POV.GINI","","","","","","","","","","","","","","","","","","","","","","","","","","","","","","","","","","","","","","","","","","","","27.6","31.6","30.6","26.4","27.1","27","26.2","25.7","25.3","25.7","26.4","26.8","27.5","","",
"Nepal","NPL","GINI index (World Bank estimate)","SI.POV.GINI","","","","","","","","","","","","","","","","","","","","","","","","","","","","","","","","","","","","35.2","","","","","","","","43.8","","","","","","","32.8","","","","","","","",
"Nauru","NRU","GINI index (World Bank estimate)","SI.POV.GINI","","","","","","","","","","","","","","","","","","","","","","","","","","","","","","","","","","","","","","","","","","","","","","","","","","","","","","","","","","",
"New Zealand","NZL","GINI index (World Bank estimate)","SI.POV.GINI","","","","","","","","","","","","","","","","","","","","","","","","","","","","","","","","","","","","","","","","","","","","","","","","","","","","","","","","","","",
"OECD members","OED","GINI index (World Bank estimate)","SI.POV.GINI","","","","","","","","","","","","","","","","","","","","","","","","","","","","","","","","","","","","","","","","","","","","","","","","","","","","","","","","","","",
"Oman","OMN","GINI index (World Bank estimate)","SI.POV.GINI","","","","","","","","","","","","","","","","","","","","","","","","","","","","","","","","","","","","","","","","","","","","","","","","","","","","","","","","","","",
"Other small states","OSS","GINI index (World Bank estimate)","SI.POV.GINI","","","","","","","","","","","","","","","","","","","","","","","","","","","","","","","","","","","","","","","","","","","","","","","","","","","","","","","","","","",
"Pakistan","PAK","GINI index (World Bank estimate)","SI.POV.GINI","","","","","","","","","","","","","","","","","","","","","","","","","","","","33.3","","","33.2","","","","","","28.7","","33.1","","","30.4","","","32.5","32.7","","31.6","","","29.8","30.9","","30.7","","","","",
"Panama","PAN","GINI index (World Bank estimate)","SI.POV.GINI","","","","","","","","","","","","","","","","","","","","48.7","","","","","","","","","","58.9","","58.2","","","","57.8","","58.2","57.5","56.5","56.8","56.9","56.2","55.8","54.9","53.9","54.7","52.8","53.4","51.9","51.7","51.4","51.8","51.5","50.6","50.8","50.4","",
"Peru","PER","GINI index (World Bank estimate)","SI.POV.GINI","","","","","","","","","","","","","","","","","","","","","","","","","","","","","","","","","","","","","","53.7","56.1","56.3","49.4","51.5","53.8","53.5","50.3","50.8","50.5","50.4","47.8","47.3","45.7","44.9","44.7","44.1","43.4","43.5","43.8","",
"Philippines","PHL","GINI index (World Bank estimate)","SI.POV.GINI","","","","","","","","","","","","","","","","","","","","","","","","","","41","","","40.7","","","43.8","","","42.9","","","46","","","42.8","","","41.5","","","42.9","","","41.8","","","42.2","","","40.1","","",
"Palau","PLW","GINI index (World Bank estimate)","SI.POV.GINI","","","","","","","","","","","","","","","","","","","","","","","","","","","","","","","","","","","","","","","","","","","","","","","","","","","","","","","","","","",
"Papua New Guinea","PNG","GINI index (World Bank estimate)","SI.POV.GINI","","","","","","","","","","","","","","","","","","","","","","","","","","","","","","","","","","","","","55.4","","","","","","","","","","","","","41.9","","","","","","","","",
"Poland","POL","GINI index (World Bank estimate)","SI.POV.GINI","","","","","","","","","","","","","","","","","","","","","","","","","","","","","","","","","","26.7","","","32.7","","32.3","32.6","33","32.8","34.1","34.9","35.4","34.5","33.7","33.5","33.7","33.6","33.2","32.8","32.4","32.5","32.1","31.8","","",
"Pre-demographic dividend","PRE","GINI index (World Bank estimate)","SI.POV.GINI","","","","","","","","","","","","","","","","","","","","","","","","","","","","","","","","","","","","","","","","","","","","","","","","","","","","","","","","","","",
"Puerto Rico","PRI","GINI index (World Bank estimate)","SI.POV.GINI","","","","","","","","","","","","","","","","","","","","","","","","","","","","","","","","","","","","","","","","","","","","","","","","","","","","","","","","","","",
"Korea, Dem. Peoples Rep.","PRK","GINI index (World Bank estimate)","SI.POV.GINI","","","","","","","","","","","","","","","","","","","","","","","","","","","","","","","","","","","","","","","","","","","","","","","","","","","","","","","","","","",
"Portugal","PRT","GINI index (World Bank estimate)","SI.POV.GINI","","","","","","","","","","","","","","","","","","","","","","","","","","","","","","","","","","","","","","","","","","","","38.7","38.9","38.5","38.1","36.7","36.6","34.9","35.8","36.3","36","36.2","35.6","35.5","","",
"Paraguay","PRY","GINI index (World Bank estimate)","SI.POV.GINI","","","","","","","","","","","","","","","","","","","","","","","","","","","","","","","40.8","","","","","58.2","","54.9","","54.6","","54.6","57.3","54.9","52.3","51.4","53","53","50.7","49.1","51","52.3","47.6","47.9","50.7","47.6","47.9","",
"West Bank and Gaza","PSE","GINI index (World Bank estimate)","SI.POV.GINI","","","","","","","","","","","","","","","","","","","","","","","","","","","","","","","","","","","","","","","","","","","","","34","34.7","34","35.6","","34.5","35.3","34.4","","","","","","",
"Pacific island small states","PSS","GINI index (World Bank estimate)","SI.POV.GINI","","","","","","","","","","","","","","","","","","","","","","","","","","","","","","","","","","","","","","","","","","","","","","","","","","","","","","","","","","",
"Post-demographic dividend","PST","GINI index (World Bank estimate)","SI.POV.GINI","","","","","","","","","","","","","","","","","","","","","","","","","","","","","","","","","","","","","","","","","","","","","","","","","","","","","","","","","","",
"French Polynesia","PYF","GINI index (World Bank estimate)","SI.POV.GINI","","","","","","","","","","","","","","","","","","","","","","","","","","","","","","","","","","","","","","","","","","","","","","","","","","","","","","","","","","",
"Qatar","QAT","GINI index (World Bank estimate)","SI.POV.GINI","","","","","","","","","","","","","","","","","","","","","","","","","","","","","","","","","","","","","","","","","","","","","","","","","","","","","","","","","","",
"Romania","ROU","GINI index (World Bank estimate)","SI.POV.GINI","","","","","","","","","","","","","","","","","","","","","","","","","","","","","","","","","","","","","","","31.1","29.4","29.3","29.4","30.2","29.9","30","29.8","30.5","30.2","29.6","28.2","28.2","27.2","27.3","27.5","","","28.3","",
"Russian Federation","RUS","GINI index (World Bank estimate)","SI.POV.GINI","","","","","","","","","","","","","","","","","","","","","","","","","","","","","","","","","","48.4","","","46.1","38.4","38.1","37.4","37.1","36.9","37.3","40","40.3","41.3","41","42.3","41.6","39.8","39.5","39.7","40.7","40.9","39.9","37.7","","",
"Rwanda","RWA","GINI index (World Bank estimate)","SI.POV.GINI","","","","","","","","","","","","","","","","","","","","","","","","","28.9","","","","","","","","","","","","","","","","48.5","","","","","52","","","","","51.3","","","50.4","","","","",
"South Asia","SAS","GINI index (World Bank estimate)","SI.POV.GINI","","","","","","","","","","","","","","","","","","","","","","","","","","","","","","","","","","","","","","","","","","","","","","","","","","","","","","","","","","",
"Saudi Arabia","SAU","GINI index (World Bank estimate)","SI.POV.GINI","","","","","","","","","","","","","","","","","","","","","","","","","","","","","","","","","","","","","","","","","","","","","","","","","","","","","","","","","","",
"Sudan","SDN","GINI index (World Bank estimate)","SI.POV.GINI","","","","","","","","","","","","","","","","","","","","","","","","","","","","","","","","","","","","","","","","","","","","","","","","","","35.4","","","","","","","","",
"Senegal","SEN","GINI index (World Bank estimate)","SI.POV.GINI","","","","","","","","","","","","","","","","","","","","","","","","","","","","","","","","54.1","","","41.4","","","","","","","41.2","","","","39.2","","","","","","40.3","","","","","","",
"Singapore","SGP","GINI index (World Bank estimate)","SI.POV.GINI","","","","","","","","","","","","","","","","","","","","","","","","","","","","","","","","","","","","","","","","","","","","","","","","","","","","","","","","","","",
"Solomon Islands","SLB","GINI index (World Bank estimate)","SI.POV.GINI","","","","","","","","","","","","","","","","","","","","","","","","","","","","","","","","","","","","","","","","","","","","","","46.1","","","","","","","","37.1","","","","",
"Sierra Leone","SLE","GINI index (World Bank estimate)","SI.POV.GINI","","","","","","","","","","","","","","","","","","","","","","","","","","","","","","","","","","","","","","","","","","","","40.2","","","","","","","","34","","","","","","",
"El Salvador","SLV","GINI index (World Bank estimate)","SI.POV.GINI","","","","","","","","","","","","","","","","","","","","","","","","","","","","","","","","54","","","","49.9","51","","54.5","52.2","51.5","51.4","51.9","50.4","47.8","48.5","45.7","45.2","46.9","45.8","43.5","42.3","41.8","43.4","41.6","40.6","40","",
"San Marino","SMR","GINI index (World Bank estimate)","SI.POV.GINI","","","","","","","","","","","","","","","","","","","","","","","","","","","","","","","","","","","","","","","","","","","","","","","","","","","","","","","","","","",
"Somalia","SOM","GINI index (World Bank estimate)","SI.POV.GINI","","","","","","","","","","","","","","","","","","","","","","","","","","","","","","","","","","","","","","","","","","","","","","","","","","","","","","","","","","",
"Serbia","SRB","GINI index (World Bank estimate)","SI.POV.GINI","","","","","","","","","","","","","","","","","","","","","","","","","","","","","","","","","","","","","","","","","","","32","32.8","35.5","36.5","29.7","28.7","27.6","28","29","","","29","","28.5","","",
"Sub-Saharan Africa (excluding high income)","SSA","GINI index (World Bank estimate)","SI.POV.GINI","","","","","","","","","","","","","","","","","","","","","","","","","","","","","","","","","","","","","","","","","","","","","","","","","","","","","","","","","","",
"South Sudan","SSD","GINI index (World Bank estimate)","SI.POV.GINI","","","","","","","","","","","","","","","","","","","","","","","","","","","","","","","","","","","","","","","","","","","","","","","","","","46.3","","","","","","","","",
"Sub-Saharan Africa","SSF","GINI index (World Bank estimate)","SI.POV.GINI","","","","","","","","","","","","","","","","","","","","","","","","","","","","","","","","","","","","","","","","","","","","","","","","","","","","","","","","","","",
"Small states","SST","GINI index (World Bank estimate)","SI.POV.GINI","","","","","","","","","","","","","","","","","","","","","","","","","","","","","","","","","","","","","","","","","","","","","","","","","","","","","","","","","","",
"Sao Tome and Principe","STP","GINI index (World Bank estimate)","SI.POV.GINI","","","","","","","","","","","","","","","","","","","","","","","","","","","","","","","","","","","","","","","","","32.1","","","","","","","","","","30.8","","","","","","","",
"Suriname","SUR","GINI index (World Bank estimate)","SI.POV.GINI","","","","","","","","","","","","","","","","","","","","","","","","","","","","","","","","","","","","","","","","57.6","","","","","","","","","","","","","","","","","","",
"Slovak Republic","SVK","GINI index (World Bank estimate)","SI.POV.GINI","","","","","","","","","","","","","","","","","","","","","","","","","","","","","","","","","","","","","25.8","","","","","","","","27.1","29.3","25.8","24.7","26","27.2","27.3","26.5","26.1","28.1","26.1","26.5","","",
"Slovenia","SVN","GINI index (World Bank estimate)","SI.POV.GINI","","","","","","","","","","","","","","","","","","","","","","","","","","","","","","","","","","29.2","","","","","","","","","","","24.8","24.6","24.4","24.4","23.7","24.8","24.9","24.9","25.6","26.2","25.7","25.4","","",
"Sweden","SWE","GINI index (World Bank estimate)","SI.POV.GINI","","","","","","","","","","","","","","","","","","","","","","","","","","","","","","","","","","","","","","","","","","","","25.3","26.1","26.8","26.4","26.4","26.8","26.3","26.5","26.9","27.1","27.8","28.4","29.2","","",
"Swaziland","SWZ","GINI index (World Bank estimate)","SI.POV.GINI","","","","","","","","","","","","","","","","","","","","","","","","","","","","","","","","","","","60.5","","","","","","53.1","","","","","","","","","51.5","","","","","","","","",
"Sint Maarten (Dutch part)","SXM","GINI index (World Bank estimate)","SI.POV.GINI","","","","","","","","","","","","","","","","","","","","","","","","","","","","","","","","","","","","","","","","","","","","","","","","","","","","","","","","","","",
"Seychelles","SYC","GINI index (World Bank estimate)","SI.POV.GINI","","","","","","","","","","","","","","","","","","","","","","","","","","","","","","","","","","","","","","","","","","","","","","","","","","","","","","46.8","","","","",
"Syrian Arab Republic","SYR","GINI index (World Bank estimate)","SI.POV.GINI","","","","","","","","","","","","","","","","","","","","","","","","","","","","","","","","","","","","","","","","","","","","","35.8","","","","","","","","","","","","","",
"Turks and Caicos Islands","TCA","GINI index (World Bank estimate)","SI.POV.GINI","","","","","","","","","","","","","","","","","","","","","","","","","","","","","","","","","","","","","","","","","","","","","","","","","","","","","","","","","","",
"Chad","TCD","GINI index (World Bank estimate)","SI.POV.GINI","","","","","","","","","","","","","","","","","","","","","","","","","","","","","","","","","","","","","","","","","","","","39.8","","","","","","","","43.3","","","","","","",
"East Asia & Pacific (IDA & IBRD countries)","TEA","GINI index (World Bank estimate)","SI.POV.GINI","","","","","","","","","","","","","","","","","","","","","","","","","","","","","","","","","","","","","","","","","","","","","","","","","","","","","","","","","","",
"Europe & Central Asia (IDA & IBRD countries)","TEC","GINI index (World Bank estimate)","SI.POV.GINI","","","","","","","","","","","","","","","","","","","","","","","","","","","","","","","","","","","","","","","","","","","","","","","","","","","","","","","","","","",
"Togo","TGO","GINI index (World Bank estimate)","SI.POV.GINI","","","","","","","","","","","","","","","","","","","","","","","","","","","","","","","","","","","","","","","","","","","","","","","42.2","","","","","46","","","","43.1","","",
"Thailand","THA","GINI index (World Bank estimate)","SI.POV.GINI","","","","","","","","","","","","","","","","","","","","","","45.2","","","","","","","43.8","","45.3","","47.9","","43.5","","42.9","","41.5","43.1","42.8","","41.9","","42.5","","41.8","39.8","40.3","39.6","39.4","37.5","39.3","37.8","","","","",
"Tajikistan","TJK","GINI index (World Bank estimate)","SI.POV.GINI","","","","","","","","","","","","","","","","","","","","","","","","","","","","","","","","","","","","","","","","29.5","","","","32.7","33.6","","","32.2","","30.8","","","","","","34","","",
"Turkmenistan","TKM","GINI index (World Bank estimate)","SI.POV.GINI","","","","","","","","","","","","","","","","","","","","","","","","","","","","","","","","","","","","","","","40.8","","","","","","","","","","","","","","","","","","","",
"Latin America & the Caribbean (IDA & IBRD countries)","TLA","GINI index (World Bank estimate)","SI.POV.GINI","","","","","","","","","","","","","","","","","","","","","","","","","","","","","","","","","","","","","","","","","","","","","","","","","","","","","","","","","","",
"Timor-Leste","TLS","GINI index (World Bank estimate)","SI.POV.GINI","","","","","","","","","","","","","","","","","","","","","","","","","","","","","","","","","","","","","","","","","","35.9","","","","","","27.8","","","","","","","28.7","","","",
"Middle East & North Africa (IDA & IBRD countries)","TMN","GINI index (World Bank estimate)","SI.POV.GINI","","","","","","","","","","","","","","","","","","","","","","","","","","","","","","","","","","","","","","","","","","","","","","","","","","","","","","","","","","",
"Tonga","TON","GINI index (World Bank estimate)","SI.POV.GINI","","","","","","","","","","","","","","","","","","","","","","","","","","","","","","","","","","","","","","","","","","37.7","","","","","","","","37.5","","","","","","","","",
"South Asia (IDA & IBRD)","TSA","GINI index (World Bank estimate)","SI.POV.GINI","","","","","","","","","","","","","","","","","","","","","","","","","","","","","","","","","","","","","","","","","","","","","","","","","","","","","","","","","","",
"Sub-Saharan Africa (IDA & IBRD countries)","TSS","GINI index (World Bank estimate)","SI.POV.GINI","","","","","","","","","","","","","","","","","","","","","","","","","","","","","","","","","","","","","","","","","","","","","","","","","","","","","","","","","","",
"Trinidad and Tobago","TTO","GINI index (World Bank estimate)","SI.POV.GINI","","","","","","","","","","","","","","","","","","","","","","","","","","","","","42.6","","","","40.3","","","","","","","","","","","","","","","","","","","","","","","","","",
"Tunisia","TUN","GINI index (World Bank estimate)","SI.POV.GINI","","","","","","","","","","","","","","","","","","","","","","","","","","43.4","","","","","40.2","","","","","41.7","","","","","40.8","","","","","37.7","","","","","35.8","","","","","","","",
"Turkey","TUR","GINI index (World Bank estimate)","SI.POV.GINI","","","","","","","","","","","","","","","","","","","","","","","","","","","","43.5","","","","","","","41.3","","","","","","","","41.4","42.2","41.3","42.6","39.6","38.4","39","39","38.8","40","40.2","40.2","41.2","42.9","41.9","",
"Tuvalu","TUV","GINI index (World Bank estimate)","SI.POV.GINI","","","","","","","","","","","","","","","","","","","","","","","","","","","","","","","","","","","","","","","","","","","","","","","","","","","39.1","","","","","","","",
"Tanzania","TZA","GINI index (World Bank estimate)","SI.POV.GINI","","","","","","","","","","","","","","","","","","","","","","","","","","","","","","","","35.3","","","","","","","","","37.3","","","","","","","40.3","","","","37.8","","","","","","",
"Uganda","UGA","GINI index (World Bank estimate)","SI.POV.GINI","","","","","","","","","","","","","","","","","","","","","","","","","","","","","","44.4","","","41.4","","","","39","","","43","","","45.2","","","42.9","","","","44.2","","","41","","","","","",
"Ukraine","UKR","GINI index (World Bank estimate)","SI.POV.GINI","","","","","","","","","","","","","","","","","","","","","","","","","","","","","","","","","","","","39.3","35.2","","","","","","29","28.7","28.9","29","29.8","27","26.6","25.3","24.8","24.6","24.7","24.6","24","25.5","25","",
"Upper middle income","UMC","GINI index (World Bank estimate)","SI.POV.GINI","","","","","","","","","","","","","","","","","","","","","","","","","","","","","","","","","","","","","","","","","","","","","","","","","","","","","","","","","","",
"Uruguay","URY","GINI index (World Bank estimate)","SI.POV.GINI","","","","","","","","","","","","","","","","","","","","","","43.6","","","","","","","","42.4","","","","","","","","","","","","","","","","","45.9","46.4","45.1","45.6","44.5","42.2","39.9","40.5","40.1","40.2","39.7","",
"United States","USA","GINI index (World Bank estimate)","SI.POV.GINI","","","","","","","","","","","","","","","","","","","","34.6","","","","","","","37.5","","","","","38.2","","","40.2","","","40.8","","","40.4","","","","40.5","","","41.1","","","40.4","","","41","","","41.5","",
"Uzbekistan","UZB","GINI index (World Bank estimate)","SI.POV.GINI","","","","","","","","","","","","","","","","","","","","","","","","","","","","","","","","","","","","","","","44.7","","36.1","","33","35.3","","","","","","","","","","","","","","",
"St. Vincent and the Grenadines","VCT","GINI index (World Bank estimate)","SI.POV.GINI","","","","","","","","","","","","","","","","","","","","","","","","","","","","","","","","","","","","","","","","","","","","","","","","","","","","","","","","","","",
"Venezuela, RB","VEN","GINI index (World Bank estimate)","SI.POV.GINI","","","","","","","","","","","","","","","","","","","","","","55.6","","","","","","53.4","","45.3","","","42.5","","","47.8","","","49.8","48.3","","48.2","50.6","50.4","49.8","52.4","46.9","","","","","","","","","","","",
"British Virgin Islands","VGB","GINI index (World Bank estimate)","SI.POV.GINI","","","","","","","","","","","","","","","","","","","","","","","","","","","","","","","","","","","","","","","","","","","","","","","","","","","","","","","","","","",
"Virgin Islands (U.S.)","VIR","GINI index (World Bank estimate)","SI.POV.GINI","","","","","","","","","","","","","","","","","","","","","","","","","","","","","","","","","","","","","","","","","","","","","","","","","","","","","","","","","","",
"Vietnam","VNM","GINI index (World Bank estimate)","SI.POV.GINI","","","","","","","","","","","","","","","","","","","","","","","","","","","","","","","","","35.7","","","","","","35.4","","","","37","","36.8","","35.8","","35.6","","39.3","","35.6","","34.8","","","",
"Vanuatu","VUT","GINI index (World Bank estimate)","SI.POV.GINI","","","","","","","","","","","","","","","","","","","","","","","","","","","","","","","","","","","","","","","","","","","","","","","","","","","37.6","","","","","","","",
"World","WLD","GINI index (World Bank estimate)","SI.POV.GINI","","","","","","","","","","","","","","","","","","","","","","","","","","","","","","","","","","","","","","","","","","","","","","","","","","","","","","","","","","",
"Samoa","WSM","GINI index (World Bank estimate)","SI.POV.GINI","","","","","","","","","","","","","","","","","","","","","","","","","","","","","","","","","","","","","","","","","","","","","","","","","42","","","","","","","","","",
"Kosovo","XKX","GINI index (World Bank estimate)","SI.POV.GINI","","","","","","","","","","","","","","","","","","","","","","","","","","","","","","","","","","","","","","","","","","","","29","","31.2","30.3","","","31.8","33.3","27.8","29","26.3","27.3","26.4","","",
"Yemen, Rep.","YEM","GINI index (World Bank estimate)","SI.POV.GINI","","","","","","","","","","","","","","","","","","","","","","","","","","","","","","","","","","","","","","","35","","","","","","","34.7","","","","","","","","","36.7","","","",
"South Africa","ZAF","GINI index (World Bank estimate)","SI.POV.GINI","","","","","","","","","","","","","","","","","","","","","","","","","","","","","","","","","","59.3","","","60.7","","","","57.8","","","","","64.8","","","63","","63.4","","","","63","","","",
"Zambia","ZMB","GINI index (World Bank estimate)","SI.POV.GINI","","","","","","","","","","","","","","","","","","","","","","","","","","","","","","","","60.5","","52.6","","","48.3","","49.1","","","","42.1","","54.3","","54.6","","","","55.6","","","","","57.1","","",
"Zimbabwe","ZWE","GINI index (World Bank estimate)","SI.POV.GINI","","","","","","","","","","","","","","","","","","","","","","","","","","","","","","","","","","","","","","","","","","","","","","","","","","","","43.2","","","","","","",
